{
  "normalizer": {
    "n": [
      2815603,
      2815603,
      2815603,
      2815603,
      2815603,
      2815603,
      2815603,
      2815603,
      2815603,
      2815603,
      2815603,
      2815603,
      2815603,
      2815603,
      2815603,
      2815603,
      2815603,
      2815603,
      2815603,
      2815603,
      2815603,
      2815603,
      2815603,
      2815603
    ],
    "mean": [
      0.2035899190997785,
      -0.005451219664071331,
      0.1389494546841142,
      -0.04167241814693595,
      -0.318145801022316,
      -0.06588388440592695,
      0.33206584975958875,
      -0.03344596872193777,
      0.5251663675596129,
      0.1591635907954986,
      -0.06980197004591282,
      -0.34112908544663917,
      -0.03173080839326093,
      0.38740156193896397,
      0.36142860346300976,
      0.365517727385129,
      0.37829958759164434,
      0.4013568029369124,
      0.43788996622078297,
      0.49396525089415466,
      0.5815015470829809,
      0.7264607665084706,
      0.9015005550200161,
      0.9942065750331022
    ],
    "meanDiff": [
      360058.25534996676,
      4101.075141558867,
      68300.08842066168,
      21008.308828358055,
      879896.1912418351,
      361024.95696840907,
      1289383.2580917205,
      495886.0177924201,
      702117.4989442424,
      1391732.7859618673,
      560793.1687162853,
      492831.3169051464,
      523583.6613729578,
      668203.3856853836,
      19004.24003046508,
      19435.33080923552,
      20823.049111694152,
      23449.61284275046,
      27936.594611284076,
      35610.613897599185,
      49485.943477504334,
      77302.97485815342,
      51843.23760150472,
      3495.775773705787
    ],
    "variance": [
      0.12787962484411572,
      0.01,
      0.02425771261810052,
      0.01,
      0.31250719339403854,
      0.1282229621748553,
      0.45794213818202373,
      0.17612071651877773,
      0.24936665394384164,
      0.4942929759493321,
      0.1991733808765956,
      0.17503579762670604,
      0.18595791429862726,
      0.2373215917462027,
      0.01,
      0.01,
      0.01,
      0.01,
      0.01,
      0.01264759765407239,
      0.01757561114883893,
      0.027455211142392383,
      0.018412836469312157,
      0.01
    ]
  },
  "parameters": [
    [
      0.9166293445046352,
      0.10479467478192582,
      -0.11122555158044764,
      0.07378420680163986,
      -0.5664088590157762,
      -0.8091693798714669,
      -0.17458476573058995,
      -0.54537655063367,
      -0.22549126565638744,
      0.3061714304286468,
      0.022452167051774503,
      -0.2180489145985745,
      0.008989474768328096,
      0.29463887382166604,
      -0.18016801380497854,
      -0.17961768454762064,
      -0.23591905502175697,
      -0.15613177631239156,
      -0.20566864522933037,
      0.22779661848432592,
      0.02372717794899162,
      -0.38034621159866766,
      -0.08819024550023878,
      -0.06946625919685541
    ],
    [
      0.5138584362784441,
      0.3030549640267079,
      -0.036348046461448576,
      -0.0055334752808002905,
      -0.08476359114735033,
      -0.11153604837683866,
      -0.19634775000446883,
      -0.19371215916650822,
      0.09188862050606753,
      0.510715191880488,
      0.06164570778103526,
      0.5677185133701809,
      0.12715499484269915,
      -0.4564673630285505,
      0.17826465314842518,
      0.4898586100613025,
      0.0720127591367489,
      0.09483724646138995,
      0.19953264182359906,
      0.24695748560398856,
      0.41110399466580533,
      0.5633421868717241,
      0.2096255376873467,
      0.019365348875364945
    ],
    [
      0.44325233887224186,
      -0.0024129619927025,
      0.28828114795836735,
      -0.10287013709200683,
      -0.0013271139056753164,
      -0.05270776796566541,
      0.6458143674231936,
      0.1734366435746012,
      0.12106476271289669,
      -0.7957331093487968,
      -0.4093550425616435,
      -0.04220580055920575,
      -0.07937822313746627,
      -0.40797597795825685,
      0.1524683188599898,
      -0.20529001068866612,
      0.05688413557370501,
      -0.12345482307775994,
      0.12413301024449067,
      -0.05522130764522011,
      -0.17083172219235537,
      0.16525479686216896,
      0.40663634417027517,
      0.03142426271754192
    ],
    [
      0.16297336716220787,
      -0.028050695618249362,
      0.11448683465150622,
      -0.11714761025165221,
      0.23871965922191613,
      0.10293066796024682,
      -0.15391267769625155,
      -0.46151667625237724,
      -0.3953548901540423,
      -0.013724770215462189,
      -0.6911747654146335,
      -0.7966779427752989,
      -0.37812520729257826,
      0.38424041012063653,
      -0.03387927086288075,
      0.0432028847402598,
      -0.17601987836223457,
      0.0169098638830184,
      -0.1740259953923691,
      0.006218897822877304,
      0.032818565036171,
      -0.06778257220466867,
      0.10782425603947815,
      0.20092430874157974
    ]
  ]
}