{
  "normalizer": {
    "n": [
      4102051,
      4102051,
      4102051,
      4102051,
      4102051,
      4102051,
      4102051,
      4102051,
      4102051,
      4102051,
      4102051,
      4102051,
      4102051,
      4102051,
      4102051,
      4102051,
      4102051,
      4102051,
      4102051,
      4102051,
      4102051,
      4102051,
      4102051,
      4102051
    ],
    "mean": [
      0.1958579596294389,
      -0.006068194313906879,
      0.17405786372154738,
      -0.044591908859036626,
      -0.3411767882575799,
      -0.06316068187405123,
      0.39552458953136793,
      -0.03927156770428014,
      0.4594942871261115,
      0.11233103788105475,
      -0.0723476018100979,
      -0.19853493393349264,
      -0.030688186103838357,
      0.3355782265993699,
      0.3795459038552362,
      0.3838355687031292,
      0.39726056620384087,
      0.42148611295344496,
      0.4598742470712806,
      0.518790169828813,
      0.6107601899047345,
      0.7622269607345082,
      0.9229543447198617,
      0.9951050340619523
    ],
    "meanDiff": [
      479735.07922752865,
      7010.517488028791,
      128542.85793433095,
      41285.510386016205,
      1154724.5031927484,
      1085740.0325017401,
      1754017.7045581334,
      1073448.8091085786,
      1018782.4625188634,
      1802760.7491833605,
      1080596.7090575516,
      991680.5212802618,
      1228737.9913828948,
      914615.771970652,
      27864.6707558194,
      28504.195182976742,
      30552.21371428102,
      34431.421069852746,
      41060.81105952136,
      52382.3459391062,
      72862.72301050286,
      112147.93432735321,
      68608.57194075157,
      4141.8353664584165
    ],
    "variance": [
      0.11695005235857103,
      0.01,
      0.03133624080596047,
      0.010064601923773304,
      0.28149930441936205,
      0.26468223639875277,
      0.42759529429500837,
      0.2616858759456132,
      0.248359287224577,
      0.43947789756474515,
      0.26342839449279193,
      0.24175236272787973,
      0.29954234878671543,
      0.2229654804317772,
      0.01,
      0.01,
      0.01,
      0.01,
      0.010009824612010275,
      0.01276979392482107,
      0.017762510268766248,
      0.027339478306669815,
      0.01672543123933651,
      0.01
    ]
  },
  "parameters": [
    [
      0.8568181787276873,
      0.1985258926674538,
      -0.2348192305005019,
      -0.14494118552175234,
      -1.079591988669295,
      -0.9949673961139532,
      -0.4964889345617706,
      -0.4745269393030977,
      -0.20007526440135914,
      0.27035084963801903,
      -0.15865403084751284,
      -0.32454885489425617,
      0.060228867919832736,
      1.1410029015276126,
      0.018760488657180677,
      -0.14341386069241924,
      0.03734768159792818,
      -0.1782658650459289,
      -0.4920264176296619,
      0.05494964421385728,
      -0.04269043132798626,
      0.16451568233193084,
      -0.35858105258289713,
      -0.2132565659011798
    ],
    [
      0.5117376317062042,
      0.18317684804677284,
      -0.03962859451394374,
      -0.027902778991873965,
      -0.11045154953423317,
      -0.483541754919474,
      0.2636578599021095,
      -0.3204226045725829,
      -0.063969107204619,
      0.6130597685599659,
      0.12385401414538323,
      0.8065004826723127,
      0.08628517548422861,
      -0.7160889779822786,
      0.18935149200254364,
      0.36780598406009746,
      0.3392332327826362,
      0.649298022850231,
      0.16996871491378332,
      0.43748937550848616,
      0.7070239119817373,
      0.4119173451202953,
      0.22075907066872705,
      -0.09073761196936056
    ],
    [
      0.6991766942085181,
      -0.04163074021744099,
      0.2765868655347132,
      -0.11958838860800555,
      -0.5698212048485486,
      -0.25079723214060623,
      0.8917717881334832,
      0.38192052119355124,
      -0.018920828365408454,
      -1.3058946912941432,
      -0.8766205452851017,
      -0.1821463488253206,
      -0.32345150405232476,
      -0.6601260401281562,
      0.03861899475354733,
      -0.06098607790262594,
      0.18787882225761324,
      -0.16017278353218334,
      -0.08299419496577669,
      -0.048186130825194434,
      0.17575231880471934,
      0.0666902674232376,
      0.6349848941820943,
      -0.19900837465139667
    ],
    [
      -0.16051922916601477,
      0.016048739837420174,
      0.28182350540741447,
      0.42494231623451967,
      0.41796155861687717,
      0.6075588849427276,
      -0.4680738232877218,
      -0.2378199189508078,
      -0.16525455006419865,
      -0.5153897146618627,
      -0.5723417360422048,
      -1.3836723773531483,
      -0.3552118181220006,
      0.18152094920386744,
      -0.062145810192051246,
      -0.1825328710333421,
      0.09864977785696541,
      0.6458341198699298,
      -0.11289009483022977,
      -0.06914336787747738,
      0.10343399452679518,
      0.5091726658517587,
      -0.22469250670031307,
      -0.1996213898241082
    ]
  ]
}