{
  "normalizer": {
    "n": [
      4172755,
      4172755,
      4172755,
      4172755,
      4172755,
      4172755,
      4172755,
      4172755,
      4172755,
      4172755,
      4172755,
      4172755,
      4172755,
      4172755,
      4172755,
      4172755,
      4172755,
      4172755,
      4172755,
      4172755,
      4172755,
      4172755,
      4172755,
      4172755
    ],
    "mean": [
      0.19622747551601435,
      -0.005973493575801903,
      0.17499334460343705,
      -0.04411247598671567,
      -0.3423844390551434,
      -0.06240580998523183,
      0.3976259957345837,
      -0.03908919613056181,
      0.4571315593654379,
      0.11995418418171842,
      -0.07137153512623472,
      -0.2017508645667279,
      -0.030769452111114263,
      0.3341334442113616,
      0.3803118790790849,
      0.384610025599136,
      0.3980629192326384,
      0.42233905375052366,
      0.46080761381769214,
      0.5198481379061488,
      0.6120144477105138,
      0.7637318791958403,
      0.9239186922009351,
      0.995160935538859
    ],
    "meanDiff": [
      484661.10552824195,
      7091.3906406694505,
      130707.96459291184,
      42452.47031488926,
      1164831.403967794,
      1116642.7169459027,
      1777077.4232709124,
      1103192.80082704,
      1035520.4647735115,
      1832914.376959883,
      1112437.1165487415,
      1003728.0999558723,
      1252368.0414227906,
      928389.1064742339,
      28275.85337683423,
      28926.120931461868,
      31007.432332273507,
      34949.168179377484,
      41685.408919931404,
      53191.42891073413,
      74013.58643065378,
      113802.39817688618,
      69182.69723710604,
      4166.659677337104
    ],
    "variance": [
      0.11614894848325434,
      0.01,
      0.031324140667954824,
      0.010173727025643552,
      0.2791516405750623,
      0.26760323022700894,
      0.4258762911483929,
      0.26437996020064447,
      0.24816229679756216,
      0.4392576072546514,
      0.26659535883337065,
      0.24054326217471964,
      0.3001297803064859,
      0.22248828567079398,
      0.01,
      0.01,
      0.01,
      0.01,
      0.01,
      0.012747316559619276,
      0.017737342937856112,
      0.027272724657183608,
      0.01657962119441617,
      0.01
    ]
  },
  "parameters": [
    [
      0.8528344637733908,
      0.20058265840958833,
      -0.2725499648308758,
      -0.16649054965352547,
      -1.0773644677472842,
      -1.0026317932326911,
      -0.5062878139678143,
      -0.5151338180552311,
      -0.2005381169627572,
      0.31243996884079617,
      -0.15737363743883936,
      -0.3445719156026983,
      0.09005072547166254,
      1.1573829490016683,
      0.038844172816408715,
      -0.12947260535174637,
      0.024780835250574895,
      -0.17816295765202889,
      -0.47523779168180086,
      0.05039756470218535,
      -0.02892222629632099,
      0.14984601846183387,
      -0.3566937953598013,
      -0.2153049827975611
    ],
    [
      0.5036461464011055,
      0.20286225548951203,
      -0.029449711966559454,
      -0.02006958101982834,
      -0.11884355279783149,
      -0.49301852463602003,
      0.2500171912077349,
      -0.3131462645699041,
      -0.054988304205677685,
      0.5995912860737438,
      0.104415812110649,
      0.8177193696903583,
      0.06396988508889108,
      -0.7125345153960074,
      0.20009777400566145,
      0.33788527788135714,
      0.34045969278282195,
      0.648949936167982,
      0.17066369787179328,
      0.41290574618498427,
      0.7140393675075366,
      0.4382031112144669,
      0.23315926928837433,
      -0.07726130413514817
    ],
    [
      0.6686594421349843,
      -0.04479604541287669,
      0.266239563147803,
      -0.11025345122338384,
      -0.5599891795009242,
      -0.27955560653825867,
      0.8825539771552194,
      0.41619495743447577,
      -0.04186817573467079,
      -1.30348295579361,
      -0.8642037425533419,
      -0.15701520655518333,
      -0.29675913126981746,
      -0.67810589109193,
      0.03189160467856093,
      -0.0504575247196347,
      0.19310771249158715,
      -0.16091129241529437,
      -0.06844803887195465,
      -0.029012518649708732,
      0.17766008669138353,
      0.09569950665572849,
      0.6467773538743501,
      -0.18610494750168138
    ],
    [
      -0.1488210072487356,
      -0.00038068880279843375,
      0.26870633467606536,
      0.4270486053622254,
      0.4021666618139595,
      0.6020623631168036,
      -0.4599672678723336,
      -0.24474559991568376,
      -0.13336474728278186,
      -0.5569329525748539,
      -0.5632795518254037,
      -1.386037172671696,
      -0.3582569195085918,
      0.19380307907978542,
      -0.050748062821415627,
      -0.1886589856924056,
      0.08253688395371193,
      0.6845523961091674,
      -0.09734050836427101,
      -0.08102736597261785,
      0.1153008109203276,
      0.5054240296379542,
      -0.21494381308952906,
      -0.21843001500127096
    ]
  ]
}